[
  {
    "id": "skill-1",
    "name": "React",
    "category": "Frameworks & Libraries",
    "description": "A JavaScript library for building user interfaces",
    "isActive": true,
    "createdBy": "Admin User",
    "createdAt": "2024-01-01",
    "updatedAt": "2024-01-01"
  },
  {
    "id": "skill-2",
    "name": "Node.js",
    "category": "Programming Languages",
    "description": "JavaScript runtime built on Chrome's V8 JavaScript engine",
    "isActive": true,
    "createdBy": "Admin User",
    "createdAt": "2024-01-01",
    "updatedAt": "2024-01-01"
  },
  {
    "id": "skill-3",
    "name": "Python",
    "category": "Programming Languages",
    "description": "High-level programming language for general-purpose programming",
    "isActive": true,
    "createdBy": "Admin User",
    "createdAt": "2024-01-01",
    "updatedAt": "2024-01-01"
  },
  {
    "id": "skill-4",
    "name": "AWS",
    "category": "Cloud Platforms",
    "description": "Amazon Web Services cloud computing platform",
    "isActive": true,
    "createdBy": "Admin User",
    "createdAt": "2024-01-01",
    "updatedAt": "2024-01-01"
  },
  {
    "id": "skill-5",
    "name": "Docker",
    "category": "DevOps & Tools",
    "description": "Platform for developing, shipping, and running applications in containers",
    "isActive": true,
    "createdBy": "Admin User",
    "createdAt": "2024-01-01",
    "updatedAt": "2024-01-01"
  },
  {
    "id": "skill-6",
    "name": "TypeScript",
    "category": "Programming Languages",
    "description": "Typed superset of JavaScript that compiles to plain JavaScript",
    "isActive": true,
    "createdBy": "Admin User",
    "createdAt": "2024-01-01",
    "updatedAt": "2024-01-01"
  },
  {
    "id": "skill-7",
    "name": "Java",
    "category": "Programming Languages",
    "description": "Object-oriented programming language",
    "isActive": true,
    "createdBy": "Admin User",
    "createdAt": "2024-01-01",
    "updatedAt": "2024-01-01"
  },
  {
    "id": "skill-8",
    "name": "Spring Boot",
    "category": "Frameworks & Libraries",
    "description": "Java-based framework for building microservices",
    "isActive": true,
    "createdBy": "Admin User",
    "createdAt": "2024-01-01",
    "updatedAt": "2024-01-01"
  },
  {
    "id": "skill-9",
    "name": "Django",
    "category": "Frameworks & Libraries",
    "description": "High-level Python web framework",
    "isActive": true,
    "createdBy": "Admin User",
    "createdAt": "2024-01-01",
    "updatedAt": "2024-01-01"
  },
  {
    "id": "skill-10",
    "name": "Vue.js",
    "category": "Frameworks & Libraries",
    "description": "Progressive JavaScript framework for building user interfaces",
    "isActive": true,
    "createdBy": "Admin User",
    "createdAt": "2024-01-01",
    "updatedAt": "2024-01-01"
  },
  {
    "id": "skill-11",
    "name": "Angular",
    "category": "Frameworks & Libraries",
    "description": "Platform for building mobile and desktop web applications",
    "isActive": true,
    "createdBy": "Admin User",
    "createdAt": "2024-01-01",
    "updatedAt": "2024-01-01"
  },
  {
    "id": "skill-12",
    "name": "MongoDB",
    "category": "Databases",
    "description": "Document-oriented NoSQL database",
    "isActive": true,
    "createdBy": "Admin User",
    "createdAt": "2024-01-01",
    "updatedAt": "2024-01-01"
  },
  {
    "id": "skill-13",
    "name": "PostgreSQL",
    "category": "Databases",
    "description": "Open source relational database",
    "isActive": true,
    "createdBy": "Admin User",
    "createdAt": "2024-01-01",
    "updatedAt": "2024-01-01"
  },
  {
    "id": "skill-14",
    "name": "MySQL",
    "category": "Databases",
    "description": "Open source relational database management system",
    "isActive": true,
    "createdBy": "Admin User",
    "createdAt": "2024-01-01",
    "updatedAt": "2024-01-01"
  },
  {
    "id": "skill-15",
    "name": "Kubernetes",
    "category": "DevOps & Tools",
    "description": "Container orchestration platform",
    "isActive": true,
    "createdBy": "Admin User",
    "createdAt": "2024-01-01",
    "updatedAt": "2024-01-01"
  },
  {
    "id": "skill-16",
    "name": "Redis",
    "category": "Databases",
    "description": "In-memory data structure store",
    "isActive": true,
    "createdBy": "Admin User",
    "createdAt": "2024-01-01",
    "updatedAt": "2024-01-01"
  },
  {
    "id": "skill-17",
    "name": "Laravel",
    "category": "Frameworks & Libraries",
    "description": "PHP web application framework",
    "isActive": true,
    "createdBy": "Admin User",
    "createdAt": "2024-01-01",
    "updatedAt": "2024-01-01"
  },
  {
    "id": "skill-18",
    "name": "PHP",
    "category": "Programming Languages",
    "description": "Server-side scripting language",
    "isActive": true,
    "createdBy": "Admin User",
    "createdAt": "2024-01-01",
    "updatedAt": "2024-01-01"
  }
]