[
  {
    "id": "approval-1",
    "type": "vendor",
    "entityId": "1",
    "entityName": "TechCorp Solutions",
    "submittedBy": "John Smith",
    "submittedAt": "2024-01-10",
    "status": "pending",
    "data": {
      "companyName": "TechCorp Solutions",
      "email": "vendor@techcorp.com",
      "contactPerson": "John Smith",
      "gstNumber": "29ABCDE1234F1Z5"
    }
  },
  {
    "id": "approval-2",
    "type": "client",
    "entityId": "2",
    "entityName": "Innovate Inc",
    "submittedBy": "Sarah Johnson",
    "submittedAt": "2024-01-12",
    "status": "pending",
    "data": {
      "companyName": "Innovate Inc",
      "email": "client@innovate.com",
      "contactPerson": "Sarah Johnson",
      "gstNumber": "27FGHIJ5678K2L9"
    }
  },
  {
    "id": "approval-3",
    "type": "skill",
    "entityId": "3",
    "entityName": "Kubernetes",
    "submittedBy": "Sarah Wilson",
    "submittedAt": "2024-01-20",
    "status": "pending",
    "data": {
      "skillName": "Kubernetes",
      "category": "DevOps & Tools",
      "proficiencyLevel": "intermediate",
      "description": "Container orchestration and deployment automation"
    }
  }
]