[
  {
    "id": "1",
    "clientId": "2",
    "clientName": "Innovate Inc",
    "title": "Senior React Developer",
    "skills": ["React", "TypeScript", "Redux", "Testing", "AWS"],
    "experience": 4,
    "location": "Remote",
    "duration": "6 months",
    "budget": 80,
    "description": "Looking for a senior React developer to lead our frontend team and modernize our web application architecture",
    "status": "open",
    "createdAt": "2024-01-18"
  },
  {
    "id": "2",
    "clientId": "4",
    "clientName": "StartupXYZ",
    "title": "Full Stack Developer",
    "skills": ["Node.js", "React", "MongoDB", "AWS", "Docker"],
    "experience": 3,
    "location": "Austin",
    "duration": "12 months",
    "budget": 70,
    "description": "Full stack developer needed for MVP development of our SaaS platform with modern tech stack",
    "status": "open",
    "createdAt": "2024-01-19"
  },
  {
    "id": "3",
    "clientId": "2",
    "clientName": "Innovate Inc",
    "title": "Backend Python Developer",
    "skills": ["Python", "Django", "PostgreSQL", "Redis", "Docker"],
    "experience": 4,
    "location": "New York",
    "duration": "8 months",
    "budget": 75,
    "description": "Experienced Python developer to build scalable backend services for our data analytics platform",
    "status": "open",
    "createdAt": "2024-01-20"
  },
  {
    "id": "4",
    "clientId": "4",
    "clientName": "StartupXYZ",
    "title": "Frontend Vue.js Developer",
    "skills": ["Vue.js", "JavaScript", "CSS", "Vuex", "Nuxt.js"],
    "experience": 3,
    "location": "Remote",
    "duration": "4 months",
    "budget": 65,
    "description": "Vue.js developer to create responsive user interfaces for our customer-facing web application",
    "status": "open",
    "createdAt": "2024-01-21"
  },
  {
    "id": "5",
    "clientId": "2",
    "clientName": "Innovate Inc",
    "title": "Enterprise Java Developer",
    "skills": ["Java", "Spring Boot", "Microservices", "Kubernetes", "Oracle"],
    "experience": 6,
    "location": "San Francisco",
    "duration": "10 months",
    "budget": 85,
    "description": "Senior Java developer for enterprise-grade microservices architecture and legacy system modernization",
    "status": "open",
    "createdAt": "2024-01-22"
  },
  {
    "id": "6",
    "clientId": "4",
    "clientName": "StartupXYZ",
    "title": "PHP Laravel Developer",
    "skills": ["PHP", "Laravel", "MySQL", "Vue.js", "Redis"],
    "experience": 4,
    "location": "Chicago",
    "duration": "6 months",
    "budget": 68,
    "description": "Laravel developer to maintain and enhance our existing e-commerce platform with new features",
    "status": "open",
    "createdAt": "2024-01-23"
  }
]