[
  {
    "id": "1",
    "vendorId": "1",
    "vendorName": "TechCorp Solutions",
    "name": "Alex Rodriguez",
    "skills": ["React", "Node.js", "TypeScript", "AWS", "MongoDB"],
    "experience": 5,
    "location": "Remote",
    "availability": "available",
    "rate": 75,
    "description": "Senior full-stack developer with expertise in modern web technologies and cloud platforms",
    "createdAt": "2024-01-15"
  },
  {
    "id": "2",
    "vendorId": "3",
    "vendorName": "DevStudio",
    "name": "Maria Garcia",
    "skills": ["Python", "Django", "PostgreSQL", "Docker", "Kubernetes"],
    "experience": 4,
    "location": "New York",
    "availability": "available",
    "rate": 70,
    "description": "Backend developer specializing in Python and database optimization with DevOps experience",
    "createdAt": "2024-01-16"
  },
  {
    "id": "3",
    "vendorId": "1",
    "vendorName": "TechCorp Solutions",
    "name": "David Kim",
    "skills": ["Java", "Spring Boot", "Microservices", "Kubernetes", "Redis"],
    "experience": 6,
    "location": "San Francisco",
    "availability": "available",
    "rate": 80,
    "description": "Enterprise Java developer with microservices architecture and distributed systems experience",
    "createdAt": "2024-01-17"
  },
  {
    "id": "4",
    "vendorId": "3",
    "vendorName": "DevStudio",
    "name": "Sarah Chen",
    "skills": ["React", "Vue.js", "JavaScript", "CSS", "Figma"],
    "experience": 3,
    "location": "Remote",
    "availability": "available",
    "rate": 65,
    "description": "Frontend developer with strong design skills and experience in modern JavaScript frameworks",
    "createdAt": "2024-01-18"
  },
  {
    "id": "5",
    "vendorId": "1",
    "vendorName": "TechCorp Solutions",
    "name": "Michael Thompson",
    "skills": ["Angular", "TypeScript", "RxJS", "NgRx", "Jest"],
    "experience": 7,
    "location": "Austin",
    "availability": "engaged",
    "rate": 85,
    "description": "Senior Angular developer with expertise in complex enterprise applications and state management",
    "createdAt": "2024-01-19"
  },
  {
    "id": "6",
    "vendorId": "3",
    "vendorName": "DevStudio",
    "name": "Jennifer Liu",
    "skills": ["PHP", "Laravel", "MySQL", "Vue.js", "AWS"],
    "experience": 4,
    "location": "Chicago",
    "availability": "available",
    "rate": 68,
    "description": "Full-stack PHP developer with experience in Laravel framework and modern frontend technologies",
    "createdAt": "2024-01-20"
  }
]