[
  {
    "id": "txn-1",
    "type": "application",
    "entityId": "1",
    "userId": "1",
    "userName": "John Smith",
    "userRole": "vendor",
    "action": "Applied resource to requirement",
    "details": { "resourceId": "1", "requirementId": "1" },
    "timestamp": "2024-01-20T10:30:00Z",
    "status": "completed"
  },
  {
    "id": "txn-2",
    "type": "requirement",
    "entityId": "1",
    "userId": "2",
    "userName": "Sarah Johnson",
    "userRole": "client",
    "action": "Posted new requirement",
    "details": { "title": "Senior React Developer" },
    "timestamp": "2024-01-18T14:15:00Z",
    "status": "completed"
  },
  {
    "id": "txn-3",
    "type": "resource",
    "entityId": "1",
    "userId": "1",
    "userName": "John Smith",
    "userRole": "vendor",
    "action": "Added new resource",
    "details": { "name": "Alex Rodriguez" },
    "timestamp": "2024-01-15T09:45:00Z",
    "status": "completed"
  },
  {
    "id": "txn-4",
    "type": "user_registration",
    "entityId": "1",
    "userId": "1",
    "userName": "John Smith",
    "userRole": "vendor",
    "action": "Completed vendor registration",
    "details": { "company": "TechCorp Solutions" },
    "timestamp": "2024-01-10T16:20:00Z",
    "status": "pending"
  },
  {
    "id": "txn-5",
    "type": "application",
    "entityId": "2",
    "userId": "3",
    "userName": "Mike Chen",
    "userRole": "vendor",
    "action": "Applied resource to requirement",
    "details": { "resourceId": "2", "requirementId": "3" },
    "timestamp": "2024-01-21T11:20:00Z",
    "status": "completed"
  },
  {
    "id": "txn-6",
    "type": "requirement",
    "entityId": "2",
    "userId": "4",
    "userName": "Emily Davis",
    "userRole": "client",
    "action": "Posted new requirement",
    "details": { "title": "Full Stack Developer" },
    "timestamp": "2024-01-19T16:30:00Z",
    "status": "completed"
  },
  {
    "id": "txn-7",
    "type": "user_registration",
    "entityId": "2",
    "userId": "2",
    "userName": "Sarah Johnson",
    "userRole": "client",
    "action": "Completed client registration",
    "details": { "company": "Innovate Inc" },
    "timestamp": "2024-01-12T10:15:00Z",
    "status": "pending"
  },
  {
    "id": "txn-8",
    "type": "application",
    "entityId": "3",
    "userId": "2",
    "userName": "Sarah Johnson",
    "userRole": "client",
    "action": "Updated application status to selected",
    "details": { "resourceId": "3", "requirementId": "5", "status": "selected" },
    "timestamp": "2024-01-23T09:45:00Z",
    "status": "completed"
  }
]